name,avgs,bpas,ratio
Roy Yue,11,3,1.028
Andre Febriato Jonathan,13,2,1.031
Tam Quan,19,5,1.032
Sheng Cao (曹晟),27,7,1.032
Christian Meyer,14,4,1.033
Aleksa Radovanović,12,2,1.034
Vladimir Tikhonenko (Владимир Тихоненко),11,4,1.034
Kristiāns Pietkuns,13,2,1.035
Volodymyr Petryk (Володимир Петрик),11,2,1.035
Canyon Pettitt,12,2,1.035
Natsuki Ishizawa (石澤夏希),11,4,1.036
Roberts Dreijers,15,3,1.036
Péter Trombitás,13,2,1.036
Cole Breuer,15,2,1.036
Fredrik Sollenberg,14,5,1.037
Daniel Tabares Pavas,11,2,1.037
Birk Bredland,12,3,1.038
Rok Glinšek,19,4,1.038
Maxim Brednev (Максим Бреднев),12,3,1.038
Parker Trager,19,3,1.038
Andrey Che,27,8,1.038
Jerry Yao,12,4,1.039
Alban Reynaud,11,2,1.039
Leonard Wetzel,12,3,1.04
Isaac Rajagopal,11,1,1.04
Noah Swor,15,2,1.04
Frank Dumont,17,4,1.04
Chan Hui Tung (陳許瞳),13,3,1.04
Josue Leiva,11,5,1.041
Luqman Hakim Bin Hairil Azli,11,4,1.041
Wouter Komduur,11,1,1.041
Deyang Wang (王德阳),18,3,1.041
Étienne Aubry,11,3,1.041
James Macdiarmid,18,5,1.042
Taku Yanai (矢内拓),12,4,1.042
Seth Talbot,26,5,1.042
David Epstein,41,10,1.042
Brennen Lin,17,6,1.043
Marie Vincent,24,4,1.043
Fryderyk Janiak,12,3,1.043
Machiel van Loon,11,2,1.043
Derek White,22,9,1.044
Eva Kato,62,14,1.044
Andrii Vasyliev (Андрій Васильєв),12,3,1.044
Jingbin Li (李晶斌),17,3,1.045
Lee Jia Yong (李伽榮),16,0,1.045
Ryota Aoki (青木涼太),24,3,1.045
Abhay Gupta,15,4,1.045
Vicenzo Guerino Cecchini,62,11,1.045
Chingizkhan Mukhametdinov,12,5,1.045
Ethan Rusnak,24,6,1.045
Adam Golus,12,2,1.045
Abraham Torres Ortíz Aguirre,12,0,1.046
Lakshay Modi,30,3,1.046
Jose Carlos García Vélez,13,4,1.046
Alexis Rodrigo Cazu Mendoza,42,7,1.046
Ustsin Vashchanka,17,3,1.047
Daniel Méndez,13,2,1.047
Luka Jankovic,16,3,1.047
Artem Yashkov,17,3,1.047
Myles Jarman,27,6,1.047
Aedan Bryant,33,9,1.047
Eli Parker,22,6,1.047
Thomas Valles,30,6,1.047
Andrea Moscatello,11,3,1.047
Berkay Yilmaz,17,4,1.047
Sam Nave,15,1,1.048
Fernando Lomazzi,21,6,1.048
Boxuan Huang (黄博暄),11,5,1.048
Marcos Ferreira Semolini,16,3,1.048
Luis J. Iáñez,28,6,1.048
William Klauer,18,3,1.048
Luke Van Laningham,11,2,1.048
Flavio Rimi,11,1,1.049
Giuliano Tumini,17,4,1.049
Vegard Seim Karstang,15,4,1.049
Chuan He (何川),19,1,1.049
Edbert Sim,20,5,1.049
Ilya Nazarov,20,4,1.049
Raphaël Mothe,11,2,1.049
Zhanat Kazez (Жанат Казез),11,2,1.049
Zhiyuan Ma (马之元),18,1,1.049
Matteo Dummar,35,6,1.049
Brenton Angelo Lo Wong,13,3,1.049
Junyue Liu (刘俊越),33,5,1.049
Shubham Maharana,11,1,1.05
Blaž Dobravec,12,1,1.05
Sora Sato,12,1,1.05
Jhon Edinson Arias Parra,21,5,1.05
Stephen Waller,16,1,1.05
Xiangyan Jin (金香延),13,2,1.05
John Albright,11,3,1.05
Vincent Colin,12,1,1.05
Oleg Martynov,16,0,1.05
Keenan Johnson,38,10,1.05
Makoto Takaoka (高岡誠),31,4,1.05
Marco Syfrig,43,4,1.05
Matthew Siegel,18,4,1.05
Witold Sołtysik,23,6,1.05
Dylan Raymond,16,2,1.05
Raúl Ramos,12,2,1.051
Will Newhoff,26,6,1.051
Stephen Bohner,12,1,1.051
Riley Norrid,28,8,1.051
Gabriel Bergue Campos Borges,14,2,1.051
Mykola Trotsenko (Микола Троценко),12,2,1.051
Lakshay Sharma,12,3,1.051
Dominik Beese,19,4,1.051
Martin Fronescu,26,6,1.051
Pradeep Sudakar,14,4,1.051
Jordan Mosakowski,13,1,1.051
Ishaan Lal,29,5,1.051
Daniel Goodman,33,6,1.051
Ty Marshall,16,3,1.051
Yee Wen Foo,15,3,1.051
Emile Compion,14,4,1.052
Michał Mlostek,50,11,1.052
Pietro Mazza,13,1,1.052
Jinseo Hong,14,2,1.052
Joseph Manuel A. Cagape,12,5,1.052
Waldemar Sundin,29,7,1.052
Mikołaj Tyra,44,6,1.052
Will Belote,13,1,1.052
Derek Kong,11,2,1.052
Satoshi Kodama (児玉聡),17,2,1.052
Alexander Bashutkin,16,2,1.052
Jamil Mkelle,13,3,1.052
Vianne Chang,14,3,1.052
Yuhei Takagi (高木佑平),28,5,1.052
Gabriel Sargeiro Gomes de Mello,16,5,1.052
Alexei Sinyavin,25,3,1.052
Cory Yurkovic,19,5,1.052
Alejandro Isaza,12,3,1.053
Tomas Kristiansson,50,7,1.053
Konrad Leśniak,21,4,1.053
Pranav Veera,20,6,1.053
Nick Young,30,8,1.053
Michael Tripodi,13,2,1.053
Nikita Kovalchuk (Нікіта Ковальчук),43,10,1.053
Gabriel Lincon Souza,16,4,1.053
Lucas Ichiro Yunomae,36,9,1.053
Dmitry Kryuzban,55,14,1.053
Albin Thim,13,3,1.053
Maksymilian Misiak,18,2,1.053
Timur Imanov,12,4,1.053
Lacey Dilworth,18,2,1.053
Edoardo Disarò,11,1,1.053
Xiao Hu (胡霄),12,2,1.054
Sameer Sethuram,11,1,1.054
Nils Feuer,11,2,1.054
Roy Lee,86,15,1.054
Oleksii Lukin (Олексій Лукін),19,4,1.054
Bence Kovács,14,3,1.054
Noah Wilde,14,3,1.054
Kyle Steppe,11,4,1.054
Tong Liu (刘童),12,2,1.054
Daniel Guardado Cabral,34,9,1.054
Thibaud Ou,19,2,1.054
Stephanie Chow,19,6,1.054
Tanai Chaikraveephand (ธนัย ชัยกระวีพันธ์),11,2,1.054
Olivier Stietel,16,1,1.054
Amelie Dieterich,41,8,1.054
Rick Hamburger,18,4,1.054
Felipe Medel,51,10,1.055
Katie Davies,11,2,1.055
Ivan Krueger,13,3,1.055
Kou Oobatake (大畠功),72,16,1.055
Qijun Miao (缪其隽),12,2,1.055
Shih-Hao Wang (王士豪),29,5,1.055
RJ Gohn,26,4,1.055
Chilin Fang (方炽霖),14,1,1.055
Francisco Rosales,20,4,1.055
Kazuhiro Fukada (深田和宏),22,2,1.055
Liew Yee Voon (劉倚文),16,1,1.055
Gleiciano Cosmo Santos,12,1,1.055
Nolan Yiu,32,6,1.055
Tiancheng Feng (冯天成),14,4,1.055
Vincent Chan,24,3,1.055
Cheng Chen (陈成),18,2,1.055
Xingkai Yin (尹星凯),20,4,1.055
Takao Hashimoto (橋本貴夫),127,20,1.056
Ivan Vanek,16,2,1.056
Marlon de V. Marques,26,4,1.056
Liudi Sun (孙柳笛),17,3,1.056
Zian Song (宋子安),15,4,1.056
Ahmad Kamil Ihsan Bin Ikhwan,20,3,1.056
Xuechao Zhang (张学超),18,1,1.056
Daniel Sheppard,81,14,1.056
Renato Stopic,14,3,1.056
Gabriel Ignacio Fernández Albarracin,21,10,1.056
Ainesh Sevellaraja,34,6,1.056
Jiazhou Li (李佳洲),28,5,1.056
Yi-Fan Wu (吳亦凡),27,4,1.056
Santeri Laine,35,8,1.056
Bence Kiácz,17,1,1.056
Sergey Chirin,38,4,1.056
Daniel Wannamaker,24,6,1.056
Marcel Ručigaj,26,3,1.056
Gregor Billing,18,2,1.056
Paul Becsi,14,1,1.056
Manuel Bühler,25,9,1.056
Ben Stokes,17,5,1.056
Tang-Kai Huang (黃堂愷),29,4,1.057
Stiven Ramirez Tobon,13,3,1.057
Liam Wadek,11,2,1.057
Eki González García,27,4,1.057
Ewsey Obzherin,12,2,1.057
Chung Tze Yang (鍾志扬),12,1,1.057
Paris Dorn,19,4,1.057
Declan Wilhelm,12,3,1.057
Karam Al-Robaie,28,3,1.057
Mikhail Kopylov (Михаил Копылов),13,2,1.057
Peter Preston,33,7,1.057
Dániel Székely,21,4,1.057
Jack Pfeifer,35,9,1.057
Walter Duff,12,3,1.057
Nathan Dwyer,73,15,1.057
Alexey Mikhailov,17,2,1.057
Dennis Rosero,60,8,1.057
Jiajun Li (李嘉俊),11,1,1.057
Oscar Sánchez Najarro,32,4,1.057
Zachary Ochs,33,6,1.057
Henrique Fonsêca Coelho Lima,11,0,1.058
Matěj Grohmann,12,0,1.058
Caleb Hoover,18,4,1.058
Tian Chen (陈天),13,1,1.058
Adam Gradess,13,3,1.058
Jinhao Zheng (郑金昊),12,3,1.058
Jayden McNeill,77,13,1.058
Benjamin Pugh,15,2,1.058
Geng Xie (谢耿),12,1,1.058
Zhenyu Wang (王振宇),14,2,1.058
Mason Langenderfer,38,9,1.058
Ian Southa,31,6,1.058
Anqi Yu,14,3,1.058
Choi Goho (최고호),19,3,1.058
Cormac Farrell,21,3,1.058
Eli Jay,53,11,1.058
Silas Starling,16,1,1.058
Matthew Prestwich,22,4,1.058
Christian Smedegaard,18,3,1.058
Dawid Wójcik,22,2,1.058
Niclas Mach,11,2,1.058
Robert Paus,14,2,1.059
Kaidrich Keolo Pobre,11,2,1.059
Paul Luciw,18,3,1.059
Joel Lundström,17,1,1.059
Muhammad Hafizuddin Akhtar Bin Mohd Zainal Abidin,18,5,1.059
Joonas Silvennoinen,51,9,1.059
Yepeng Sun (孙叶芃),29,3,1.059
Mihnea Andrei Panţu,17,3,1.059
Daniel Pavelich,12,0,1.059
Weiwen Zhang (章巍玟),16,2,1.059
Ace Djun T. Aguirre Jr.,11,3,1.059
Bingliang Li (李炳良),27,5,1.059
Paul Taylor,11,2,1.059
Ethan Pride,14,3,1.059
David Beugnon,29,7,1.059
Brandon Lin,54,6,1.059
Marco Willems,14,2,1.059
Jared Balassaitis,27,2,1.059
Lucinda Zhou,11,1,1.06
Pavlo Huk (Павло Гук),28,2,1.06
James Hildreth,44,7,1.06
Lucas Déglise,58,11,1.06
Conor Cronin,16,0,1.06
Tyler Howlett,45,6,1.06
Robin Deun,14,3,1.06
Stanley Nerkowski IV,19,5,1.06
Ruzhen Ye (叶儒臻),49,6,1.06
Anukun Supcharoenkun (อนุกูล ทรัพย์เจริญกุล),21,3,1.06
Erik Bryland,13,2,1.06
Daan Baartmans,39,6,1.06
Jorge Augusto Siqueira Pinto,15,3,1.06
Alejandro Soriano,15,4,1.06
Jiayu Wang (王佳宇),17,3,1.06
Volodymyr Korol (Володимир Король),34,8,1.06
Daniel Greigg,27,5,1.06
Erick Lemus Fuentes,19,2,1.06
Juho Arjanne,44,7,1.06
Fabio Bini Graciose,137,19,1.06
Emanuel Rheinert,30,5,1.06
Pavlo Bondar (Павло Бондар),14,0,1.061
John Brechon,52,8,1.061
Jorge Orrite,11,4,1.061
David Vujasić,24,8,1.061
Pedro Santos Guimarães,42,10,1.061
Sean Cutshaw,12,3,1.061
Will Wooden,11,2,1.061
Jonathan Charlesworth,35,4,1.061
Felipe Cardim,43,8,1.061
Alejandro Nicolay,27,4,1.061
Yonghao Xu (徐永浩),11,2,1.061
Arnav Arora,30,3,1.061
Oliver Castledine,13,3,1.061
Christopher Cabrera,13,3,1.061
Michał Krasowski,99,15,1.061
Kim Jokinen,20,3,1.061
Daniel Yakhkind (Даніель Яхкінд),20,3,1.061
Mateusz Cichoracki,14,1,1.061
Zihao Wang (王子豪),12,2,1.061
Luke Garrett,63,12,1.061
Leo Min-Bedford,20,6,1.061
Simone Canova,12,1,1.061
Fabricio Andrés Yañez Terrazas,11,3,1.061
Malte Ihlefeld,75,11,1.061
Rūdolfs Vīnkalns,21,5,1.061
Ilona Ansel,22,5,1.061
Helbert Cabana Cáceres,15,2,1.062
Aamir Saifee,15,1,1.062
Nikita Loika,26,5,1.062
Raúl Low Beattie,52,3,1.062
Alfonsus Rahardjo,11,2,1.062
Burak Erdil Biçer,13,1,1.062
Bruno Fonsêca Coelho Lima,29,4,1.062
Lucas O'Connell,31,7,1.062
Michael Young,109,8,1.062
Max Siauw,105,18,1.062
Jason White,50,7,1.062
Carl Joshua Garcia,13,1,1.062
Kacper Paweł Dworak,35,3,1.062
Tzu-Han Hung (洪梓菡),84,14,1.062
Yiwei Liu (刘伊玮),36,5,1.062
Bryce Rohloff,13,2,1.062
Samuel Fang,38,6,1.062
Theo Hall,11,3,1.062
Rui-Jun Liu (劉睿鈞),86,19,1.062
Josh Bloch,39,7,1.062
Ishaan Bhattacharyya,24,3,1.062
Joseph Ong,18,4,1.062
Robin Verstraten,19,4,1.062
Charlie Stark,76,9,1.062
Nathan Azaria,24,1,1.062
Calix Tang,18,3,1.062
Michał Pleskowicz,65,10,1.062
James Quinn,38,9,1.062
Dwyane Ramos,22,5,1.062
Rahul Kulkarni,21,1,1.063
Michael (謝富亦),25,4,1.063
Antoine Piau,86,14,1.063
Dylan Hughlett,22,8,1.063
Tim Xie,31,3,1.063
Alessandro Nicolì,27,6,1.063
Linus Frész,59,14,1.063
Yiqun Fan (樊轶群),14,3,1.063
Loïc Petit,28,4,1.063
Thai Bui,12,3,1.063
Christopher Sun,11,2,1.063
Mitchell Hum,23,4,1.063
Federico Borgogni,15,2,1.063
Will Russo,29,4,1.063
Jakub Grzybowski,14,1,1.063
Liam Wickett,11,3,1.063
Cale Schoon,42,10,1.063
Vincent Chen,45,5,1.063
Daniel Cano Salgado,14,3,1.063
Tobias Droste,24,1,1.063
Vasily Stasyev,56,8,1.063
Ron van Bruchem,11,2,1.063
Rustin Haderlie,20,4,1.063
Priyanshu Kumar,25,6,1.063
John Edison Ubaldo (ᜇ᜔ᜌᜓ︀ᜈ᜔ ᜁᜇᜒᜐᜓ︀ᜈ᜔ ᜂᜊᜎ᜔ᜇᜓ︀),33,6,1.063
Magnus Søndergaard Byrne,38,5,1.063
Artur Miralles Hernàndez,14,0,1.063
Andy Gong,29,1,1.063
Ng Jian Je (方健泽),16,2,1.064
Ilya Anishchenko,15,1,1.064
Yuki Uchida (内田佑毅),20,4,1.064
Noah Kraft,35,4,1.064
Boris Lont,12,3,1.064
Daniel Vædele Egdal,84,14,1.064
Lorenzo Franco Kasilag,28,5,1.064
Andrew Rizo,27,3,1.064
Przemysław Rogalski,74,9,1.064
Karla Struer Lund,16,2,1.064
Wilhelm Kilders,81,10,1.064
Tommy Kiprillis,43,5,1.064
Zhoupeng Yang (杨周澎),18,4,1.064
Piotr Michał Padlewski,65,9,1.064
Mattias Uvesten,36,3,1.064
Aidan McKenzie,20,4,1.064
Leo Lindqvist,49,5,1.064
Marcos Masini,20,2,1.064
Destin Shulfer,12,1,1.064
Erwan Kohler,15,5,1.064
Fumiki Koseki (古関章記),27,2,1.064
Tymon Kolasiński,36,6,1.064
Daniel James,39,7,1.064
Christopher Chi,88,9,1.064
Wojciech Knott,52,10,1.064
Akash Rupela,58,14,1.064
Adrián Ramírez,19,6,1.064
Alessio Giuliano,21,2,1.065
Julen Simón Iriarte,32,5,1.065
Mikus Lembergs,16,5,1.065
Pierre Bouvier,31,6,1.065
Zhiyang Chen (陈至扬),13,2,1.065
William Palmer,12,3,1.065
Manuel Ernesto Torres Vega,23,1,1.065
Sheldon Rego,21,4,1.065
Hargun Singh Tikku,17,3,1.065
Gabriel Barrios,15,1,1.065
Mohammed Aiman Koli,24,6,1.065
Kyra Joiner,40,5,1.065
Thibault André,14,1,1.065
Isaac Latta,11,1,1.065
Jonathan Culbertson,17,0,1.065
Firstian Fushada (符逢城),38,5,1.065
Bill Hammill,43,4,1.065
Sebastian Outh-Aut,17,4,1.065
Yuchen Huang (黄禹尘),17,2,1.065
Dylan Baumbach,18,3,1.065
Wong Chong Wen (黄崇文),46,6,1.065
Jakub Bartos,13,0,1.065
Jacob Posner,31,5,1.065
Reto Bubendorf,97,15,1.065
Óskar Pétursson,12,0,1.065
Michael Röhrer,55,14,1.065
Martin Vædele Egdal,87,14,1.065
Andreas Lambropoulos,12,1,1.065
Mike Ditton,11,2,1.065
Andrey Kolevatykh (Андрей Колеватых),19,3,1.065
Ziyuan Lin (林子源),52,6,1.065
Ho Hsieh (謝合),27,2,1.066
Xiaobin Rui (芮晓彬),21,3,1.066
Philippe Virouleau,77,10,1.066
Rasmus Stub Detlefsen,65,10,1.066
Nicholas Daneshvari,39,5,1.066
Branko Kobal,26,4,1.066
Caleb Hoffman,13,1,1.066
Gaurav Taneja,25,4,1.066
Alikhan Yertursyn (Алихан Ертурсын),18,3,1.066
Tim Reynolds,12,1,1.066
Adam Chodyniecki,17,3,1.066
Lorenzo Vigani Poli,47,5,1.066
Nathan Soria,30,4,1.066
Lee Stanton-Barnett,22,2,1.066
Joel Cetra,39,4,1.066
Aiden Bartlett,87,13,1.066
Naglis Peciulis,15,2,1.066
Jiawei Wu (伍嘉维),27,4,1.066
David Woner,32,3,1.066
Jan van Dorst,27,3,1.066
Sophie Chan,24,4,1.066
Ashley Foster,11,0,1.066
Shuto Ueno (上野柊斗),26,2,1.066
Sicheng Gu (顾思成),13,3,1.066
Dmitry Zvyagintsev,12,0,1.066
Shivam Bansal,68,7,1.066
Bence Barát,173,21,1.067
Oscar Roth Andersen,21,2,1.067
Chris Braiedy,25,5,1.067
Callum Hales-Jepp,108,15,1.067
Christian König,35,7,1.067
Astrid Lacotte,11,2,1.067
Laura Holzhauer,52,4,1.067
Hector David Martinez Argaez,43,7,1.067
Michał Rzewuski,14,3,1.067
Cade Beck,17,4,1.067
Bo Wang (王擘),15,2,1.067
Martin Bláha,11,1,1.067
Chris Mills,48,6,1.067
Gabriel Silva dos Santos,15,2,1.067
Kamil Zieliński,19,2,1.067
Adam Kędziorski,15,4,1.067
Andrés Hisashi Suzuki,22,3,1.067
Diego Brizuela Crespo,19,1,1.067
Bartłomiej Owczarek,40,6,1.068
Javier López Fernández,31,4,1.068
Enzo Mattos,31,7,1.068
Luca Rizzi,22,1,1.068
Kajetan Opach,14,3,1.068
Sanchit Ashish,14,0,1.068
Chunyu Zhang (张春雨),28,4,1.068
Feilong Tang (唐飞龙),13,0,1.068
Magnus Patrick Kanstrup,24,5,1.068
Forte Shinko,19,1,1.068
Will Gurnett,25,5,1.068
Sebastian Werb,36,4,1.068
Dominic Amrhein,16,0,1.068
Austin Reed,13,1,1.068
Rubix Azevedo Martins da Silva,16,5,1.068
Magdalena Pabisz,55,6,1.068
Martín Nicolás Fernández Olavarría,11,1,1.068
Joris Mühlsteff,23,6,1.068
Ming Zheng (郑鸣),152,19,1.068
Bautista Bonazzola,43,3,1.068
Leo Bora Bozkir,16,2,1.068
José Leonardo Chaparro Prieto,53,5,1.068
Brian Johnson,43,3,1.068
Sinpei Araki (荒木慎平),20,1,1.068
Zijia Feng (冯子甲),84,17,1.069
Dominic Lumsden,25,5,1.069
Pratik Poojary,13,0,1.069
Lars Vandenbergh,58,9,1.069
Konstantin Solovev (Константин Соловьёв),26,4,1.069
Jode Brewster,27,8,1.069
Jörg Seidler,14,3,1.069
Francisco Hamlin,28,5,1.069
David Ludwig,12,1,1.069
Ben Whitmore,35,7,1.069
Jefferson Nunes Brito de Oliveira,13,1,1.069
Vilius Ribinskas,27,4,1.069
Pablo Ferrando Brunet,14,2,1.069
Isaac Langer,27,3,1.069
Ryan Pilat,40,6,1.069
Pol Juny Sánchez,11,3,1.069
Alwin Rölz,69,11,1.069
Rakesh M. Vaideeswaran,11,2,1.069
Stefan Lidström,18,1,1.069
Spencer Stutzman,15,5,1.069
Yuji Yoshida,32,4,1.069
Mattheo de Wit,29,2,1.069
Tijmen van der Ree,65,6,1.069
Grégoire Gsell,28,9,1.069
Simon Westlund,44,9,1.069
Elian Beguec,27,3,1.069
James Molloy,99,10,1.069
César Abraham Briones Arreola,21,5,1.069
Rodrigo Ugarte,15,2,1.069
Lorenzo Mauro,38,6,1.07
Benjamin Gottschalk,105,17,1.07
Brigham Dent,12,1,1.07
Evan Liu,80,10,1.07
Kyle Van Straaten,22,2,1.07
Dušan Zakelšek,43,3,1.07
Tripp Peters,32,3,1.07
Angeline Wijaya (黃千儀),36,4,1.07
Jan Bentlage,191,26,1.07
Alexander Botz,42,6,1.07
Pessi Ansaranta,37,5,1.07
Mathias Søndergaard Byrne,31,6,1.07
Carlos Méndez García-Barroso,25,3,1.07
Carsten Matheus,20,2,1.07
Joshua Broderick Phillips,18,2,1.07
Teera Tareesuchevakul (ธีรา ธารีสุชีวกุล),12,2,1.07
Yi Wang (王旖),17,2,1.07
Thomas Sonnenberg Jarner,28,3,1.07
Jorge Castillo Matas,12,2,1.07
Dhruv Arora,15,3,1.07
Ihor Bilchenko (Ігор Більченко),33,6,1.07
Marcus Siu,18,2,1.07
Michael Nielsen,23,5,1.07
Łukasz Stępień,13,5,1.07
Jack O'Mahony,15,4,1.07
Mikhail Arkhipov,14,3,1.07
Baramee Pookcharoen (บารมี พุกเจริญ),14,3,1.07
Fabio Schwandt,53,10,1.07
Kunal Oak,24,2,1.07
Lisa Rengers,15,1,1.07
Daniel Goldstein,11,0,1.07
Tom Stanton-Barnett,20,3,1.07
Manuel Prieto de Antón,47,5,1.07
Uladzislau Ushakov (Владислав Ушаков),15,4,1.07
Everett Kelly,28,4,1.07
Jan Zych,78,9,1.07
Ting Sheng Bao Yang,52,9,1.07
Qirun Zhong (钟奇润),15,3,1.07
Charlie Cooper,11,3,1.07
Ng Jia Quan (黄佳铨),29,3,1.07
Evan Mann,12,4,1.07
Yikuan Kan (阚亦宽),21,1,1.07
Maxim Ilin,26,2,1.07
Rasmus Händén,22,3,1.071
Yongyi Xiong (熊永一),18,1,1.071
Ivan Lew Yi Wen (刘义文),20,3,1.071
Murillo Gomes Otero,33,5,1.071
Balázs Kuthi,12,2,1.071
Mitchell Lane,49,5,1.071
Maksym Yeli (Максим Єлі),17,4,1.071
Peter Weyers,16,2,1.071
Adrien Auvray Matyn,23,2,1.071
Oliver Wheat,14,2,1.071
Toni Beljo,32,3,1.071
Jure Gregorc,22,4,1.071
Graham Siggins,33,5,1.071
Simon Kellum,49,5,1.071
James Hamory,28,2,1.071
Max Xiong (熊锐明),19,2,1.071
Feliks Zemdegs,71,9,1.071
Dan Cohen,31,5,1.071
Igor Tarasov,48,8,1.071
Marco Rota,62,10,1.071
Dominika Warchoł,14,3,1.071
Luigi Soriano,57,9,1.071
Paweł Kowol,26,4,1.071
Bertie Longden,25,3,1.071
Manfred Siew Ee Sheng (蕭奕晟),31,7,1.071
Alex Maass,29,5,1.071
Kengo Yamawaki (山脇憲吾),19,3,1.071
Abhimanyu Singhal,15,3,1.071
Chen Kang (亢晨),33,6,1.071
Jose Pedro Santibañez Alviso,15,3,1.071
Tianlang Han (韩天朗),20,1,1.071
Bruno Alonso Villacorta Montoya,11,2,1.071
Maksim Zemtšihhin,11,1,1.071
Aoqiu Liu (刘澳秋),11,3,1.072
Oscar Alberto Ceballos Contreras,22,5,1.072
Jacob Chambers,20,4,1.072
Raymond Goslow,54,8,1.072
Edward Vakula,15,4,1.072
Carson Claud,15,1,1.072
Alexandru Constantin Stoica,11,2,1.072
Miguel Angel Puerta Simarra,15,3,1.072
Jernej Omulec,41,6,1.072
Szymon Grodzki,18,2,1.072
LianCheng Guo,12,1,1.072
Timothy Castle,51,3,1.072
Tomáš Zatroch,20,1,1.072
Adrián Martínez Macías,11,1,1.072
Eemil Lahti,27,3,1.072
Cyrus Wong Yuk Chi (黃昱誌),14,1,1.072
Gilberto Caracciolo Morelli,20,2,1.072
Russel Bocalbos,25,4,1.072
Artem Melikian (Артем Мелікян),24,3,1.072
Alvar Nylén,22,4,1.072
Divnoor Bajwa,11,2,1.072
Will Callan,55,4,1.072
Sébastien Auroux,138,19,1.072
Yen-Pin Xiao (蕭彥平),34,4,1.072
Piotr Ochal,19,2,1.072
Emilio Eleodoro Ramírez Lahsen,27,4,1.072
Roan Paone,17,2,1.072
Dániel Varga,105,19,1.072
Francisco Moraes Mandalozzo,16,1,1.072
Oscar Watson,13,1,1.072
Takayuki Tanaka (田中隆喜),24,3,1.072
Marcos Ameijeiras Moreno,53,7,1.072
François Courtès,145,18,1.072
Kevin Coulter,15,1,1.072
Elvin Thorsen,69,13,1.072
Daniel Porter,18,2,1.072
Justin Choi,18,2,1.072
Mykhailo Akhunov (Михайло Ахунов),13,3,1.072
Qi Zhou (周祺),16,1,1.072
Diego Alfonso,19,3,1.073
Andrey Mishin,21,2,1.073
Mateusz Szulik,63,7,1.073
Alex Walker,16,2,1.073
Kaiyang Gao (高凯阳),17,2,1.073
Piotr Olszewski,63,7,1.073
Krish Shah-Nathwani,44,8,1.073
Shek Ho Hin (石灝軒),16,4,1.073
Yi-Ho Hsueh (薛以和),40,2,1.073
Josué Arévalo,11,2,1.073
Anshu Chennuru,32,1,1.073
Marco Yang,16,2,1.073
David Arzamastsev,14,1,1.073
Tommy Cherry,34,2,1.073
Alberto Pérez de Rada Fiol,34,4,1.073
Jeremy Fleischman,11,2,1.073
Dávid Balog,23,3,1.073
Rafał Waryszak,52,11,1.073
Chia-Liang Tai (戴嘉良),60,8,1.073
AJ Blair,33,5,1.073
Nikhil Soares,45,5,1.073
Bhargav Narasimhan,20,4,1.073
Anant Pingle,38,5,1.073
George Scholey,35,5,1.073
Cyril Barigand,12,4,1.073
David Lim,22,3,1.073
Luiz Fellipe Oliuza Leal Silva,19,4,1.073
Patrick Ponce,72,12,1.073
Mats Valk,102,13,1.073
Pablo Say,36,4,1.074
Key Yu Wan,12,0,1.074
Sameer Aggarwal,74,10,1.074
Saiyam Jain,22,5,1.074
M Aashrit Krishna Sankaran,15,2,1.074
Daniel Gracia Ortiz,57,8,1.074
Brad Hoffman,20,2,1.074
Einar Kvam Lundberg,17,2,1.074
Baiqiang Dong (董百强),49,8,1.074
Vilius Čirgelis,19,3,1.074
Helmer Ewert,67,9,1.074
Maarten Smit,33,5,1.074
Kari Hyttinen,43,6,1.074
Gustav Wälivaara,17,3,1.074
Luke Jankowiak,19,3,1.074
Krzysztof Żerucha,18,2,1.074
Wei-Chen Hsieh (謝維宸),12,2,1.074
Amod Mathur,11,1,1.074
Tobias Peter,97,12,1.074
Zayd Chaudhry,12,3,1.074
Chung-Han Hsu (許鍾瀚),39,6,1.074
Ivan Zabrodin,39,3,1.074
Henri Gerber,61,8,1.074
Perry Nathaniel Gonzales,14,1,1.074
Can Gücüyener,15,3,1.074
Farid Mikhailov,21,2,1.074
Iuri Grangeiro Carvalho,21,4,1.074
Fauzan Rafi Amrullah,11,1,1.074
Yannic Waser,18,2,1.074
Unai Castillo Erro,16,0,1.074
Berk Rende,15,4,1.075
Maria Zhits,25,3,1.075
Patrick Hetco,17,2,1.075
Daniel Karnaukh,97,10,1.075
Szabolcs Szántai,23,3,1.075
Anuar Miguel Abib Onofre,12,3,1.075
Kristopher De Asis,33,1,1.075
Aryan Chhabra,11,2,1.075
Yu-Hsuan Chang (張祐瑄),42,6,1.075
Mikhail Kuzin,21,1,1.075
Michał Robaczyk,29,4,1.075
Kabir Johal,13,1,1.075
Anthony Lafourcade,41,4,1.075
Zhao-Zhe Zhong (鍾肇哲),89,18,1.075
Mayron Blain,20,2,1.075
Matthew Cook,16,2,1.075
Axel Flordal,17,4,1.075
Joaquin Ruenes Hernández,14,1,1.075
Vojtěch Kundera,26,4,1.075
Sergey Ryabko,13,1,1.075
Katie Hull,95,14,1.075
Varun Mohanraj,12,1,1.075
Brandon Harris,11,1,1.075
Pablo Nicolás Oshiro Mondoñedo,37,3,1.075
Julián García Sánchez,15,0,1.075
Shao-Heng Hung (洪紹恆),42,6,1.075
Matic Omulec,69,9,1.076
AJ Kamal,41,6,1.076
Robert Yau,109,18,1.076
Brody Lassner,12,3,1.076
Hassan Khanani,51,9,1.076
Samuel Knoll,25,4,1.076
Jānis Zirnis,20,3,1.076
Simon Jansson,11,1,1.076
Tatsuya Kusanagi (草彅達也),16,3,1.076
Andy Denney,39,4,1.076
Hung Lo (羅鴻),11,1,1.076
Nicolas Harper,28,2,1.076
Neil Johnson,18,1,1.076
Ethan Stevens,27,4,1.076
Tyler Robinson,44,6,1.076
Yongtao Sun (孙永涛),11,1,1.076
Lucas Etter,19,1,1.076
Eddy Deturche,30,4,1.076
Kun Zhu (朱锟),36,6,1.076
Abhi Gawande,15,2,1.076
Weifeng Cheng (程维锋),27,3,1.076
Ilkyoo Choi (최일규),11,2,1.076
Brandon Satterstrom,12,2,1.076
Boxi Chen (陈博希),22,1,1.076
Łukasz Burliga,64,10,1.076
Ray Bai,28,4,1.076
Jared Stinson,48,7,1.076
Harry Savage,51,4,1.077
Mok Man Kit (莫文傑),17,1,1.077
Przemysław Kruczek,37,6,1.077
Nikita Bespalov,24,3,1.077
Govend Avgerinos Djangoi,34,4,1.077
Louis Cormier,26,1,1.077
Daniel Wallin,146,19,1.077
Zeke Mackay,38,2,1.077
Natthaphat Mahtani (ณัฐภัทร จี มาทานี),22,2,1.077
Luke Tycksen,30,4,1.077
Albin Sten,16,2,1.077
Kevin Gerhardt,66,13,1.077
Wilson Alvis (陈智胜),11,4,1.077
Pedro Luiz Ferreira Pires,15,0,1.077
Vishwa Sankar,26,6,1.077
Brady Metherall,30,8,1.077
Jonathan Tan Wei Xiat,15,2,1.077
Linus Kunath,25,3,1.077
Carolina Guidetti,16,1,1.077
Henry Savich,37,7,1.077
Logan McGraw,11,1,1.077
Gabriel Bucsan,18,4,1.077
Yu-Kai Chen (陳宇楷),23,1,1.077
Ryan Jew,98,13,1.077
Xusheng Hong (洪旭升),27,5,1.077
Waden Cho,12,1,1.078
Gustavo Penaforte Brito,15,1,1.078
Aaron Ariff,15,0,1.078
Moez Boussarsar,14,3,1.078
Phoenix Patterson,19,3,1.078
Will Cerne,23,2,1.078
Giovanni Tanaka (陈华安),11,1,1.078
Hazel Moises Ruiz Gutierrez,19,1,1.078
Clay Moore,16,1,1.078
Marcus Moberg,48,8,1.078
Luis Kleinheinz,22,3,1.078
Grzegorz Szumigaj,36,3,1.078
Dana Yi,33,2,1.078
Jaden Lim,16,1,1.078
Louis Meunier,14,3,1.078
Jules Desjardin,91,8,1.078
Lennon Hughes,17,2,1.078
Jackey Zheng,54,2,1.078
Michael Alexander,18,1,1.078
Joey Gouly,94,7,1.078
Yuyang Zhen (甄禹扬),21,2,1.078
Annika Stein,28,2,1.078
Orion Moore,13,2,1.078
Alrimar Dias Rocha Sobrinho,28,3,1.078
Kevin Matthews,18,2,1.078
Jami Viljanen,16,1,1.078
Swaminathan Chandrasekaran,12,4,1.078
Xinyun Chen (陈新运),24,2,1.079
Michał Halczuk,140,16,1.079
Fanyang Zeng (曾凡洋),13,0,1.079
Antoine Cantin,42,8,1.079
Lauren Phung,26,3,1.079
Christopher Connolly,23,2,1.079
Olivier Vos,46,2,1.079
William Jensen,28,3,1.079
Stephen Griggs,38,6,1.079
Augusto Rosa Esteves,15,3,1.079
Diogo Rafael Almeida da Silva,14,1,1.079
Shyngys Sharapadin (Шынгыс Шарападин),14,1,1.079
Remo Pihel,20,4,1.079
Sean Hartman,43,7,1.079
Sean Belke,28,1,1.079
Stian Nystad Østli,14,1,1.079
Samuel Simko,18,4,1.079
Nejc Ian Čurman,29,8,1.079
Luke Galioto,32,2,1.079
Jeremy Benik,11,0,1.079
Ash Black,30,2,1.079
Sam Spendla,24,2,1.079
Leo Blyberg,23,0,1.079
Clément Cherblanc,111,13,1.079
Hannes Müller,24,3,1.079
Alex Davani,29,4,1.079
Lim Hung (林弘),43,7,1.079
Fritz Löhr,14,1,1.079
Hannah Minas,40,9,1.079
Fabian Löhle,38,2,1.079
Joey Stahl,37,2,1.079
Damian Wilding,51,3,1.079
Oliver Fritz,48,8,1.079
Cedric Meysing,11,2,1.08
Willi Mickein,29,0,1.08
Staš Zupanc,19,3,1.08
Walker Welch,107,11,1.08
Konstantin Jaehne,45,6,1.08
Chris Deng,19,5,1.08
Zixuan Liu (刘子瑄),33,3,1.08
Sebastian Alanen,50,9,1.08
Daniel Escobar,29,4,1.08
Laura Mellier,18,2,1.08
Pei-Yin Tien (田沛茵),11,0,1.08
Tommy Szeliga,97,15,1.08
Luke Heath-Edwards,13,3,1.08
Patrick Fischer,23,4,1.08
Lucas Wesche,34,5,1.08
Antonie Paterakis,55,8,1.08
Sergey Marin (Сергей Марьин),12,2,1.081
Dan Selzer,39,3,1.081
Rubén López de Juan,28,1,1.081
Vladyslav Zhydkov (Владислав Жидков),31,0,1.081
Alexander Mutch,20,1,1.081
Kit Clement,76,10,1.081
Leandro Vasconcellos Alleoni,37,3,1.081
Dmitry Aniskin,22,2,1.081
Daniel Tidsey,15,2,1.081
Chris Wall,26,4,1.081
Qianqian Shao (邵千芊),25,4,1.081
Giovanny Coronado,33,2,1.081
Rowe Hessler,72,12,1.081
Brendan White,16,0,1.081
Edvan Pontes de Oliveira,12,2,1.081
Janelle Tin,12,2,1.081
Lev Golub (Лев Голуб),58,6,1.081
Kymberlyn Calderon,37,6,1.081
Chia-Leo Lin (林珈樂),18,3,1.081
Yunqi Ouyang (欧阳韵奇),70,9,1.081
Andrew Nelson,30,4,1.081
Daniel Rose-Levine,77,10,1.081
João Vinícius de Andrade Santos,22,4,1.081
Chan Tak Chuen (陳德泉),50,5,1.082
Mano Ségransan,12,0,1.082
William Gan Wei Ren (颜伟仁),28,5,1.082
Aldo José Gramajo de León,15,3,1.082
Timothy Townley,15,3,1.082
Christophe Grosjean,13,2,1.082
Jacob Ambrose,93,12,1.082
Juuso Suutari,23,2,1.082
Jakub Drobný,16,1,1.082
Alejandro Riveiro Rodríguez,30,7,1.082
Michael Conard,17,3,1.082
Guus de Wit,23,5,1.082
Rafael Werneck Cinoto,70,8,1.082
Andrew Nathenson,11,3,1.082
William Yudi Matunoshita Ito,14,5,1.082
Jason Lee,35,2,1.082
Antonio Gabriel Freitas da Silva,27,4,1.082
Wojciech Szatanowski,23,2,1.082
Agustín Bernasconi,23,2,1.082
Darren Siew Ee Yaang (蕭奕暘),40,3,1.082
Francisco Cabral de Jesus,11,0,1.082
Christopher Olson,17,2,1.082
Daniel Mullen,31,4,1.082
Felipe Baldívio Freires,28,4,1.083
Livia Kleiner,73,13,1.083
Keaton Ellis,46,4,1.083
Angel Arrioja Landa,30,2,1.083
Stefan Huber,11,2,1.083
Eduardo Antonio Lara Martínez,13,1,1.083
Caleb Clark,20,2,1.083
CJ York,13,4,1.083
Blake Thompson,84,12,1.083
Callum James Goodyear,33,6,1.083
Ricardo Olea Catalán,20,3,1.083
Joaquin Abarca,19,2,1.083
Wang Ma (马旺),30,5,1.083
Aryan Kejriwal,23,1,1.083
Frederico Canal Gomes,24,2,1.083
Michael Kristel,31,0,1.083
Javier París,13,2,1.083
Zach Amiridis,12,2,1.083
Tiago Akihiro Fujita,11,3,1.083
Timo Norrkniivilä,30,3,1.083
Shun-Hsin Chang (張舜欣),14,3,1.083
María del Mar Gallego Vicente,21,0,1.083
Muhammad Saleh Imtiaz,25,4,1.084
Andreas Pohl,28,1,1.084
Chetan Roger Dhanjal,22,1,1.084
Mykhailo Lagoida (Михайло Лагойда),18,5,1.084
Steven Wintringham,15,2,1.084
Zachary Garber,17,1,1.084
Riley Dexter,39,3,1.084
Tomáš Nguyen,15,2,1.084
Mateusz Gil,25,2,1.084
Janilo Ocampo,15,3,1.084
Charles Jerome,26,3,1.084
Jonathan Collins,15,2,1.084
Justin Gou,30,1,1.084
Marek Padlewski,15,1,1.084
Yunhao Lou (娄云皓),37,5,1.084
Nicholas Patterson,17,1,1.084
Johan Thuvesen,35,6,1.084
John Paul Custodio,17,5,1.084
Cendy Cahyo Rahmat,27,4,1.084
Sarah Strong,14,2,1.084
Alessandro Ricci,14,0,1.085
Mika Smulders,23,4,1.085
Alaik Bhatia,39,8,1.085
David Doty,14,2,1.085
Zhibo Xuan (禤志博),11,0,1.085
Elliott Yahya Sugondo,11,0,1.085
Mauro Moises López,26,3,1.085
Rémi Esturoune,35,7,1.085
Weston Mizumoto,37,4,1.085
Dylan Chan,12,2,1.085
Joshua Hounslow,14,3,1.085
Jonathan Truchot,15,3,1.085
Chun-He Chen (陳淳和),15,3,1.085
Jiaxi Ye (叶佳希),11,2,1.085
Travis Burkett,21,3,1.085
Łukasz Dubicki,42,1,1.085
Manuel Aleandro Chang Pérez,12,0,1.085
Max Chan,11,0,1.086
Mark Boyanowski,26,2,1.086
Ahmet Çınar Ablak,17,2,1.086
Simon Crawford,39,5,1.086
Kobe Balin,17,3,1.086
Lee Chiang (蔣礪),14,2,1.086
Vitaliy Takanov,15,3,1.086
Jakub Hamkało,72,6,1.086
Calvin Nielson,103,15,1.086
Andrea Santambrogio,21,3,1.086
Arnaud van Galen,45,5,1.086
Jakub Cabaj,36,6,1.086
Ankush Hommerich-Dutt,16,3,1.086
Jakub Wolniewicz,26,3,1.086
Axel Brisse,11,0,1.086
Sukant Koul,29,3,1.086
Claudio Andre Gomez Villca,14,2,1.086
János Bereczki,19,3,1.086
Ritwik Pattnaik,18,4,1.086
Nestor Sokhan,37,3,1.086
Christopher Yen,21,3,1.086
Raymond Castillo,11,2,1.086
Luke Hubbard,21,3,1.086
Pablo Illanes Cruz,11,1,1.087
Niko Ronkainen,22,3,1.087
Carter Kucala,81,11,1.087
Ciarán Beahan,36,7,1.087
Urho Kinnunen,16,3,1.087
Riley Woo,37,7,1.087
Yusuf Ragab,25,4,1.087
Roger Lightbody III,11,2,1.087
Zayn Khanani,30,4,1.087
Yuuki Kobayashi (古林祐輝),24,3,1.087
Ethan Davis,11,2,1.087
Eric Zhao,20,1,1.087
Chris Martin,14,0,1.087
Jonas Rajagopal,11,1,1.087
Max Hahnbück,14,1,1.087
Francisco Alberto Castañeda Lima,14,2,1.087
Chan Hay Yin (陳希言),13,2,1.087
Carter Bitz,13,3,1.087
Rishabh Sanghavi,22,3,1.087
Andrew Coghill,36,7,1.087
Ramses Amaya,20,2,1.088
Rami Sbahi,33,5,1.088
Shelley Chang,12,0,1.088
Linus Laurén,47,3,1.088
